{
  "$schema": "https://schemas.botframework.com/schemas/skills/skill-manifest-2.0.0.json",
  "$id": "SampleSkill",
  "name": "SampleSkill",
  "description": "SampleSkill description",
  "publisherName": "Your Company",
  "version": "1.0",
  "iconUrl": "https://{YOUR_SKILL_URL}/SampleSkill.png",
  "copyright": "Copyright (c) Microsoft Corporation. All rights reserved.",
  "license": "",
  "privacyUrl": "https://{YOUR_SKILL_URL}/privacy.html",
  "tags": [
    "sample",
    "skill"
  ],
  "endpoints": [
    {
      "name": "production",
      "protocol": "BotFrameworkV3",
      "description": "Production endpoint for the SampleSkill",
      "endpointUrl": "https://{YOUR_SKILL_URL}/api/messages",
      "msAppId": "{YOUR_SKILL_APPID}"
    }
  ],
  "activities": {
    "sampleAction": {
      "description": "Sample action which accepts an input object and returns an object back.",
      "type": "event",
      "name": "SampleAction",
      "value": {
        "$ref": "#/definitions/inputObject"
      },
      "resultValue": {
        "$ref": "#/definitions/responseObject"
      }
    },
    "message": {
      "type": "message",
      "description": "Receives the users utterance and attempts to resolve it using the skill's LU models"
    }
  },
  "definitions": {
    "inputObject": {
      "type": "object",
      "properties": {
        "name": {
          "type": "string",
          "description": "The users name."
        }
      }
    },
    "responseObject": {
      "type": "object",
      "properties": {
        "customerId": {
          "type": "integer",
          "description": "A customer identifier."
        }
      }
    }
  }
}